id,credit_decision
70285051,0
11298692,0
23203081,0
18464132,0
90278459,0
74728563,0
11257246,0
73693301,0
92356137,0
79270595,0
42558631,0
30290926,0
52523274,0
84275719,0
55696177,0
61409018,0
13962691,0
11268977,0
62757568,0
73843069,0
73951652,0
40060221,0
48189998,0
87698118,0
46352700,0
99154939,0
26710604,0
95411491,0
39982165,0
17171634,0
81476993,0
27721860,0
82694312,0
84301415,0
59448694,0
71248916,0
55117766,0
48959270,0
65922527,0
99246494,0
25307745,0
83650384,0
21686352,0
91153019,0
15750076,0
11652037,0
54795210,0
62123423,0
70410735,0
68546668,0
51185020,0
59043265,0
62287678,0
17661732,0
43131661,0
48426838,0
70893603,0
54771459,0
11401912,0
28189411,0
39885861,0
72706905,0
95840526,0
60655012,0
10590973,0
57433360,0
85517232,0
48608681,0
68884954,0
59379114,0
94286380,0
50519795,0
22617536,0
39758180,0
11361609,0
16150212,0
83395100,0
15269087,0
53553214,0
20561638,0
77234094,0
28863108,0
35249741,0
98974357,0
64527399,0
49450585,0
83862184,0
22235075,0
29773057,0
24935361,0
57365102,0
43665520,0
43796525,0
13121330,0
75628857,0
61622321,0
58619685,0
13396116,0
86857729,0
34772087,0
73420566,0
24180445,0
52308580,0
99644226,0
49098465,0
58584694,0
93476781,0
50696766,0
56764767,0
35704385,0
65566571,0
28157760,0
58014498,0
41280982,0
37624333,0
39242705,0
47093204,0
19182433,0
54304539,0
92460778,0
92708725,0
47791543,0
73597430,0
29749518,0
22106502,0
54276661,0
48627657,0
73008709,0
99365944,0
16112077,0
85521573,0
36015554,0
11687195,0
14290073,0
91919840,0
94764189,0
97609083,0
10972729,0
18279970,0
59787591,0
62135176,0
16149844,0
63160451,0
48808125,0
30073656,0
39948779,0
49681899,0
64281560,0
52011057,0
87971758,0
12157981,0
20383891,0
28402140,0
36862499,0
73359795,0
67182560,0
80429266,0
74399472,0
75070977,0
87755066,0
67982270,0
54276089,0
25607294,0
76713428,0
99472855,0
41940227,0
97775166,0
64999099,0
16632394,0
59681303,0
38536424,0
11427147,0
46355269,0
11589683,0
66613611,0
56033402,0
50630142,0
33626119,0
22709400,0
60435334,0
27961731,0
72965513,0
47843210,0
84900277,0
82864833,0
46278622,0
29510426,0
23115425,0
46351348,0
11651634,0
80783669,0
19416206,0
42111542,0
30012145,0
98681727,0
40899729,0
90153093,0
83235020,0
37576856,0
53254618,0
55182863,0
94312158,0
43350814,0
57275291,0
33638984,0
14412311,0
75650996,0
64203237,0
59477929,0
97461540,0
63963815,0
45280898,0
92587696,0
69892218,0
13469766,0
95944199,0
45146925,0
22427724,0
26713708,0
49007026,0
51707793,0
64748611,0
20255771,0
71258689,0
58771981,0
85835161,0
61070045,0
76178073,0
74395960,0
44289602,0
62763041,0
75423620,0
60050473,0
18083167,0
97773421,0
91171056,0
12631473,0
58528991,0
65992086,0
60617528,0
43754415,0
74714710,0
25959831,0
59589947,0
89644423,0
81120452,0
98913547,0
67125141,0
87339134,0
42969257,0
94444327,0
97360258,0
99890255,0
88165633,0
33152332,0
99206413,0
82226599,0
44787137,0
82223382,0
22626381,0
93443101,0
46546939,0
60579294,0
40813280,0
65021714,0
40933886,0
70519401,0
81652835,0
47119087,0
88192665,0
51349225,0
77438352,0
64559778,0
68573857,0
61550410,0
59253971,0
17416109,0
58630847,0
61950566,0
77561543,0
67092378,0
64937618,0
80241659,0
85763760,0
99764928,0
57757988,0
68025034,0
87728949,0
96009078,0
21420719,0
81281589,0
29434288,0
25366528,0
32072614,0
23831612,0
19430940,0
97294584,0
11893619,0
42782308,0
28182224,0
77504711,0
13689277,0
26784223,0
69119747,0
64086284,0
76616128,0
72828526,0
83758831,0
59991617,0
89214525,0
30687106,0
46005479,0
56124082,0
19971087,0
89928428,0
88754582,0
12359721,0
34789593,0
55135194,0
15844159,0
88353723,0
97367633,0
16342226,0
16592933,0
15068695,0
91231761,0
97013823,0
91016423,0
49386923,0
64674695,0
40308907,0
73390864,0
38282865,0
79337002,0
41415762,0
47209880,0
36847689,0
84641509,0
47590661,0
46996649,0
19272067,0
78336336,0
39889155,0
97005336,0
48368164,0
62558691,0
46110473,0
25089799,0
56937694,0
18808661,0
68362992,0
36891358,0
79812081,0
25167752,0
60453523,0
78343536,0
17763235,0
63349485,0
32142106,0
58589227,0
83937073,0
39622315,0
12191903,0
52781638,0
82227822,0
60654820,0
19813172,0
98017892,0
60185589,0
59864869,0
59677851,0
14577913,0
53139581,0
73155216,0
78653798,0
48117975,0
27565361,0
93874367,0
12253328,0
89519842,0
43595139,0
59348057,0
18581351,0
22688714,0
31061847,0
68159324,0
61416718,0
34419190,0
21303231,0
18913356,0
91115883,0
38173338,0
56467005,0
78915754,0
53343513,0
23780694,0
50529042,0
97712388,0
44039092,0
70421932,0
19337533,0
75081408,0
53497642,0
63644863,0
91507512,0
82675437,0
99795457,0
63569610,0
59794645,0
21150197,0
92665847,0
90247170,0
73061326,0
77870737,0
30324068,0
24485722,0
85199399,0
94937069,0
88495541,0
87375346,0
64249949,0
85785679,0
73592003,0
43043674,0
84538633,0
54160838,0
20899614,0
36456703,0
33548532,0
63194856,0
75186827,0
42236534,0
64275338,0
42950558,0
21647583,0
61679423,0
48052869,0
11382973,0
16870868,0
80987084,0
88149977,0
53998820,0
97093553,0
80387407,0
49024513,0
73752949,0
86223371,0
84482273,0
62512729,0
24759310,0
33953694,0
85975997,0
38053528,0
70968859,0
18517296,0
37816249,0
61330040,0
23180428,0
28829769,0
69064711,0
84921406,0
20277255,0
31834976,0
39961444,0
73602361,0
36087968,0
14994534,0
21705457,0
51274122,0
52848799,0
88725283,0
64190026,0
42884275,0
86245961,0
56886058,0
36644922,0
47342403,0
91244408,0
50547853,0
19590045,0
81300373,0
42524707,0
52601874,0
57017578,0
18616840,0
59508785,0
97049125,0
30955257,0
29396194,0
69016474,0
43658896,0
89791173,0
52868170,0
96247648,0
65190328,0
83182108,0
47797272,0
80375787,0
94044070,0
30521770,0
50238566,0
98153821,0
74665184,0
21885378,0
48769948,0
48912489,0
62275088,0
21451337,0
80538817,0
55204143,0
80879144,0
16461967,0
37395893,0
55520567,0
89545416,0
18176397,0
71275740,0
54059845,0
54230492,0
53832823,0
91500813,0
84550802,0
61514525,0
42647364,0
44863072,0
10217138,0
52888523,0
44825932,0
83218404,0
29156533,0
76691391,0
36121313,0
89007380,0
29387640,0
21965753,0
70657210,0
78843751,0
38884563,0
16308563,0
33618651,0
49605524,0
54275200,0
50429409,0
20400235,0
15183843,0
94380473,0
33758681,0
17601245,0
57725741,0
83118436,0
89971308,0
41090171,0
14457120,0
91031601,0
39108102,0
77863678,0
65970011,0
62558466,0
63893606,0
57187034,0
32530347,0
72862748,0
40591290,0
95157358,0
89563194,0
86370126,0
75669259,0
83161205,0
85577406,0
78617178,0
10943116,0
45770281,0
22033388,0
38757555,0
22137245,0
38534173,0
77976623,0
38673582,0
56470765,0
87192069,0
24693414,0
78051659,0
29527274,0
45430054,0
36968746,0
77898080,0
22801163,0
72224966,0
42226759,0
99002133,0
81420920,0
23627639,0
92459187,0
33002319,0
22507926,0
50639126,0
63640078,0
82232856,0
23903531,0
42739277,0
98772444,0
23778428,0
13099842,0
27928741,0
72968314,0
78628634,0
89476195,0
40975789,0
21708470,0
84872056,0
76186973,0
63791694,0
89623119,0
42520731,0
78256688,0
40557095,0
26846876,0
16617120,0
32697260,0
58609647,0
35646026,0
69658694,0
56958256,0
54593808,0
59881916,0
39024950,0
14225251,0
32474540,0
77956550,0
79356036,0
56368267,0
38925208,0
38979645,0
24997058,0
61283430,0
94783677,0
73255369,0
97255435,0
80492009,0
42330796,0
63416760,0
24584058,0
22566175,0
15185031,0
20535891,0
55532098,0
93844100,0
94519514,0
27117850,0
35316150,0
79842091,0
24256789,0
94157889,0
18772687,0
94568058,0
87496704,0
47536268,0
53768437,0
19383166,0
57550190,0
94154234,0
89901133,0
54861499,0
97541336,0
14545338,0
33543027,0
66961397,0
60846748,0
37687502,0
28784362,0
52661400,0
29022730,0
91396386,0
76470634,0
38275628,0
48600648,0
49029746,0
46801521,0
55540920,0
74432233,0
65031829,0
85227303,0
80685197,0
61177650,0
24463151,0
89368235,0
88143000,0
34340225,0
68090784,0
84038523,0
11084889,0
99048420,0
15834406,0
45917625,0
27852987,0
28506468,0
34737946,0
88403823,0
48093192,0
52720882,0
94343691,0
58087669,0
51121852,0
19649685,0
82727890,0
85201879,0
58427533,0
81609726,0
43936351,0
58766547,0
71040213,0
49341216,0
95310474,0
87741792,0
97494446,0
35581918,0
31680213,0
77332025,0
92926655,0
98856262,0
47329903,0
44853854,0
23736501,0
34954203,0
98224761,0
12773216,0
21319546,0
24439055,0
28035149,0
31309358,0
30528905,0
72150620,0
46571089,0
94090751,0
79567602,0
55097340,0
43752781,0
95342882,0
24836113,0
11902698,0
45458385,0
80227012,0
36085684,0
35013974,0
92095622,0
50567770,0
81707318,0
44804806,0
49718607,0
45748202,0
76816296,0
57242749,0
50062011,0
27077586,0
20123566,0
37529103,0
82095979,0
33010487,0
52762773,0
82747181,0
29703852,0
81394001,0
53131114,0
69822400,0
36993032,0
38735067,0
43045403,0
89494163,0
93731009,0
45984110,0
23563947,0
69285163,0
70979536,0
40719479,0
50531486,0
61385631,0
86955154,0
64575050,0
31424700,0
54771278,0
54952990,0
51079829,0
19776217,0
55592015,0
47432793,0
50527859,0
33160952,0
76164565,0
86965959,0
32031027,0
44724058,0
59034021,0
58443434,0
43242518,0
22239625,0
56637865,0
72701769,0
91340438,0
38038385,0
32451588,0
42121653,0
54619512,0
61480154,0
59053799,0
59804359,0
10706597,0
85617706,0
80374492,0
99753856,0
27520438,0
72626131,0
52207687,0
19219244,0
69565171,0
48812584,0
86331601,0
81901291,0
32355626,0
87854764,0
16478400,0
17878787,0
39672233,0
97688526,0
89352081,0
70017704,0
64321531,0
61851545,0
81124088,0
28336874,0
56254123,0
11504019,0
11985862,0
65299815,0
96294621,0
63425944,0
74696470,0
10114624,0
79409862,0
71027587,0
73845403,0
80692676,0
62804805,0
49783217,0
28242067,0
67137939,0
47706686,0
63156714,0
63639166,0
49104228,0
56478814,0
51243485,0
12841534,0
85653701,0
26125523,0
20663272,0
66795102,0
86019893,0
51420772,0
19429866,0
77939735,0
18295650,0
96560322,0
20726233,0
38918531,0
15626343,0
22025201,0
68685111,0
50084181,0
42804195,0
75361413,0
51257113,0
66299046,0
78607524,0
84385200,0
24103710,0
22362683,0
53276739,0
23293647,0
38279034,0
98791680,0
11608603,0
81712367,0
50837327,0
96930673,0
46363853,0
96241828,0
28115898,0
17772113,0
55888545,0
93722699,0
37408807,0
31813665,0
25341603,0
16236647,0
66488366,0
87114896,0
96464945,0
82368264,0
17114479,0
16619137,0
84961808,0
21566321,0
43910180,0
89899948,0
12843802,0
26984665,0
49020058,0
15245506,0
31459902,0
55103081,0
64285832,0
52189055,0
55604709,0
19546102,0
59595474,0
57882137,0
31815133,0
19864850,0
97345027,0
98829546,0
16715348,0
70137976,0
93188302,0
30133283,0
36436412,0
25633256,0
36582139,0
88424702,0
10635169,0
14783513,0
76289406,0
64505090,0
66102681,0
53392969,0
57914451,0
56517955,0
83649839,0
89930297,0
43523253,0
67431357,0
46636964,0
35940906,0
97670953,0
42371013,0
37357746,0
69824878,0
36604198,0
98806368,0
53372404,0
63075349,0
87667113,0
86247523,0
94446599,0
45912962,0
50437496,0
27704964,0
81139671,0
12100061,0
12570792,0
63023195,0
59723369,0
10881094,0
67195940,0
48018978,0
22181837,0
94313088,0
88912013,0
37828620,0
19258807,0
26602786,0
40076256,0
85365479,0
10271786,0
59090261,0
79464467,0
61394845,0
48765391,0
73898203,0
18721663,0
29388625,0
73968771,0
31971644,0
82171810,0
18379849,0
60806476,0
20839203,0
88950649,0
29435412,0
64425273,0
92930374,0
33334144,0
69788716,0
79316715,0
84227587,0
46508705,0
93233295,0
40768915,0
64040236,0
39157916,0
62304350,0
56988320,0
87690327,0
78918249,0
48252550,0
65246318,0
62429780,0
30638137,0
53455309,0
59989620,0
26968667,0
71656279,0
60673360,0
41605781,0
80819490,0
68383351,0
80326108,0
81250441,0
97676126,0
35342307,0
58746919,0
18917266,0
57986284,0
16611096,0
10839617,0
62619970,0
50901341,0
41173227,0
49518920,0
85750222,0
94309104,0
47380514,0
55918171,0
34289895,0
64686158,0
25569621,0
95688895,0
26693149,0
67024001,0
55505940,0
40181435,0
52961767,0
40415470,0
10219505,0
13537224,0
39801538,0
83232241,0
24656251,0
26228238,0
27362273,0
66399055,0
66683351,0
54203588,0
70108009,0
37074251,0
88613466,0
89162440,0
86232680,0
24418271,0
21469739,0
36030755,0
59736889,0
43093618,0
10911403,0
34099252,0
64262730,0
23052416,0
71825694,0
47187950,0
98963991,0
94841062,0
10673288,0
19467248,0
85744109,0
36008757,0
97303948,0
51156774,0
58838315,0
33200717,0
93950349,0
60707318,0
45265333,0
14916520,0
10903570,0
58000127,0
59775149,0
73591407,0
13976555,0
69074785,0
47549689,0
97132054,0
32214939,0
97201737,0
57530267,0
10671645,0
73259259,0
60346014,0
89335138,0
66355606,0
21197571,0
69256855,0
45188027,0
16084348,0
44730733,0
69097618,0
95339487,0
60254073,0
33093025,0
51230741,0
41749238,0
59529335,0
35484119,0
73600119,0
64373084,0
67099840,0
91642990,0
38375860,0
64328015,0
32740476,0
12063726,0
93260375,0
89256830,0
70124310,0
83997148,0
59346135,0
62134652,0
98237762,0
93037059,0
57567323,0
35505050,0
48227820,0
60090925,0
61954371,0
28021820,0
24414061,0
58298692,0
65663315,0
95043317,0
12594602,0
85771001,0
65546431,0
47527060,0
74695661,0
83667558,0
36351209,0
23805198,0
96596597,0
41314795,0
74019942,0
67123536,0
98869470,0
53277486,0
50200994,0
22616010,0
59956597,0
45839755,0
20837734,0
50032845,0
17471507,0
57102564,0
71244943,0
80799667,0
98535128,0
23393529,0
67849220,0
31553036,0
19934775,0
85420177,0
87368972,0
73116528,0
12193376,0
81587304,0
58994175,0
23492909,0
91596276,0
85562076,0
60534765,0
68340778,0
63853319,0
40498587,0
14377222,0
90408547,0
15436880,0
97822565,0
70027472,0
74699861,0
26973789,0
57072263,0
36716819,0
70991794,0
51190445,0
59045717,0
26878048,0
54287457,0
79597521,0
90311490,0
65050566,0
99968383,0
50932897,0
59305472,0
43119178,0
26846249,0
19791438,0
71951649,0
80885129,0
59034210,0
40955430,0
13178166,0
89602711,0
43034834,0
41442679,0
40733707,0
70235468,0
85343926,0
35922148,0
34751821,0
62458314,0
24441176,0
47459891,0
54527705,0
23146046,0
78855378,0
34576161,0
54467217,0
80900957,0
74919094,0
74846071,0
23309217,0
52293669,0
88105316,0
13957272,0
29321283,0
37984287,0
61053068,0
72063277,0
84308044,0
62024370,0
23342324,0
49350419,0
76502075,0
59847416,0
58362162,0
92411977,0
30065761,0
49405399,0
63777701,0
54959405,0
17406237,0
32965422,0
42290171,0
75986644,0
37697161,0
59008438,0
24556449,0
19039397,0
56839904,0
82267507,0
55008180,0
54060104,0
33834730,0
26797058,0
28109440,0
89597562,0
40411015,0
60932701,0
56366291,0
86159245,0
69607268,0
69864607,0
86089918,0
59980278,0
65021116,0
50417513,0
83592797,0
78155374,0
68429947,0
44872427,0
55804854,0
56581249,0
82495082,0
45632879,0
63982469,0
54053192,0
62238059,0
55763536,0
61155838,0
67315640,0
49587890,0
97210726,0
75057294,0
26245734,0
81686234,0
66542939,0
44220823,0
12427732,0
94282831,0
91832125,0
25189733,0
49622094,0
86495009,0
65230114,0
52641320,0
22936684,0
13638049,0
77932853,0
62748834,0
61820373,0
51137917,0
53521491,0
24650839,0
35981245,0
59761855,0
13652065,0
42855262,0
46239203,0
43360706,0
37011513,0
73059193,0
87679285,0
58727507,0
48752799,0
76315765,0
54112201,0
33103152,0
97109095,0
37621955,0
77629364,0
38019640,0
86933987,0
70604082,0
58112697,0
13907089,0
16071006,0
25260997,0
65813384,0
64554391,0
63820469,0
71848144,0
38227105,0
56672666,0
69337930,0
19407334,0
48089986,0
91208385,0
56671590,0
15485141,0
39012723,0
95850193,0
29672321,0
65147806,0
25864371,0
79940430,0
93057322,0
70912969,0
23776196,0
35530616,0
25346758,0
97799913,0
66216326,0
82847646,0
56681151,0
52802818,0
55979291,0
63232381,0
70409724,0
13345452,0
98648864,0
90586577,0
70475457,0
97292771,0
56444432,0
50376337,0
38574136,0
64255389,0
24606709,0
17147845,0
96397216,0
27250059,0
75999621,0
90878490,0
39995383,0
64303011,0
35323488,0
79354624,0
34870603,0
54850554,0
25244511,0
55640529,0
40016894,0
44090000,0
86524529,0
23928412,0
24461818,0
23534353,0
75319851,0
40892626,0
24245223,0
57862555,0
84175826,0
70792238,0
93484656,0
61008327,0
98387153,0
15294857,0
79183564,0
91531068,0
89961126,0
48388764,0
54758825,0
80013626,0
79404192,0
31245450,0
31765081,0
50787735,0
35180048,0
14024684,0
79706610,0
97873047,0
69329854,0
12708750,0
91384781,0
66682709,0
66232979,0
30191854,0
37374794,0
14662583,0
26046221,0
73390749,0
73942672,0
91038016,0
68850381,0
24008301,0
97403406,0
16767175,0
84512633,0
54781665,0
98922904,0
74760090,0
94674517,0
60298706,0
30404016,0
53478988,0
98535953,0
11759560,0
18396143,0
79373192,0
93823006,0
62562422,0
85265109,0
41174384,0
88018301,0
65675083,0
53401473,0
99827885,0
24642280,0
82603483,0
81809516,0
44282096,0
63720660,0
25191695,0
16157590,0
39416027,0
44781692,0
90828230,0
84389119,0
17207562,0
33168027,0
25785589,0
24438037,0
13524166,0
93594213,0
73322046,0
32198675,0
29865710,0
35021299,0
43382860,0
80454418,0
70231045,0
55682728,0
94423383,0
81144027,0
93026883,0
29500276,0
97879595,0
35616414,0
66079283,0
33663290,0
51844351,0
93615868,0
18137025,0
60968761,0
65002060,0
62078145,0
62669115,0
10398394,0
66109271,0
43903833,0
31066795,0
59760574,0
62902928,0
74196512,0
27385237,0
69947504,0
45690377,0
57599665,0
90728687,0
88292287,0
77150678,0
17027534,0
94942074,0
24695162,0
36808527,0
68734812,0
16391638,0
18512354,0
80396679,0
54585379,0
62850586,0
66535437,0
25402800,0
74959856,0
56404821,0
14017127,0
85381462,0
14262292,0
70767517,0
45085712,0
91471111,0
13909214,0
14144648,0
69990124,0
36093564,0
16268147,0
17314441,0
91905515,0
38046658,0
42090519,0
93074075,0
67115965,0
95543437,0
96570776,0
59301649,0
58847953,0
34226652,0
59283904,0
94434096,0
50415014,0
63531850,0
48099830,0
99681983,0
17733150,0
27945284,0
71852184,0
79385172,0
99795116,0
91487468,0
28940694,0
22946515,0
71218924,0
82797610,0
78295449,0
36856360,0
50708928,0
86778954,0
22683158,0
52693108,0
30757483,0
76756429,0
72108815,0
53076289,0
21810857,0
13544176,0
91520423,0
40589679,0
40884920,0
98996374,0
36622439,0
39010691,0
40365992,0
50329139,0
50578636,0
94721974,0
68995494,0
20532851,0
19502210,0
59796170,0
43930574,0
28835322,0
60449803,0
85979612,0
78568226,0
57810631,0
28753279,0
49406784,0
27117415,0
17593673,0
41790587,0
39392770,0
45446318,0
67171567,0
43540667,0
71307810,0
98793907,0
22997339,0
95691014,0
97982924,0
55671004,0
88516845,0
11962083,0
66107615,0
45755528,0
29135875,0
42373522,0
35916140,0
35610494,0
39714565,0
75324489,0
77151555,0
65228498,0
22182650,0
37410902,0
97777221,0
45799822,0
16463246,0
21388491,0
34965731,0
30130558,0
40651062,0
26166926,0
11102872,0
60020749,0
78234930,0
69093624,0
23201016,0
87284972,0
44408717,0
45006706,0
52434169,0
87220498,0
11230866,0
60455218,0
96489269,0
32084467,0
39992218,0
73358774,0
70640185,0
42261202,0
25653338,0
73132039,0
63597338,0
58180324,0
21704866,0
60259561,0
38131634,0
43290215,0
88221389,0
43796674,0
25860135,0
87668135,0
99053238,0
97497624,0
47216190,0
56945395,0
50037388,0
82080455,0
43219772,0
67830984,0
57886753,0
23111756,0
73166143,0
34782172,0
43273483,0
34019876,0
59523380,0
70428228,0
52136488,0
56587051,0
23730858,0
78274033,0
40327411,0
43164156,0
24667018,0
56328731,0
54728730,0
38523695,0
98832386,0
98728911,0
53108361,0
46606078,0
41974584,0
20666979,0
31075119,0
90581753,0
80674879,0
65164008,0
92148713,0
40694154,0
50585784,0
59088610,0
91475637,0
27731360,0
56339863,0
70386852,0
46390794,0
91244512,0
99094578,0
79181599,0
32466053,0
74556935,0
14804868,0
25467941,0
73142636,0
59448472,0
73535090,0
52734567,0
69638182,0
67736003,0
96932326,0
36548978,0
82749448,0
99231531,0
75956868,0
63988469,0
15854331,0
63100776,0
54709730,0
97943649,0
86697257,0
71122253,0
22450818,0
86120535,0
89251756,0
14102003,0
66145528,0
74124999,0
12994936,0
75193375,0
19512239,0
76209692,0
76152761,0
58646030,0
51666385,0
76816728,0
70072737,0
92879874,0
46748302,0
65533694,0
92680666,0
21125352,0
86945438,0
60494582,0
10871389,0
70025581,0
29652855,0
22606377,0
38457216,0
73770927,0
24438553,0
28206143,0
72609105,0
65280908,0
52277806,0
90958837,0
15741640,0
77769557,0
31412302,0
75150897,0
91550222,0
79976616,0
76933764,0
96352282,0
93808067,0
85159779,0
67319299,0
57947872,0
44568526,0
43871039,0
69197228,0
60906572,0
53441321,0
42566748,0
13809725,0
68281326,0
33144650,0
81898952,0
45997054,0
56799509,0
56801427,0
11602608,0
68407441,0
58600910,0
36238145,0
89528375,0
26698854,0
52446291,0
55032228,0
61918990,0
50342435,0
22047238,0
29297487,0
15123980,0
98616559,0
61536440,0
61365223,0
55846219,0
37802201,0
54043605,0
66882682,0
57165954,0
83053188,0
16138450,0
38746481,0
52200519,0
90523465,0
82407384,0
18606354,0
37382271,0
45776184,0
37737193,0
56964871,0
89740369,0
18037794,0
65128753,0
58767302,0
74393242,0
70751237,0
92561298,0
74954362,0
32901902,0
13556391,0
12432078,0
31932789,0
65610338,0
82807721,0
75800014,0
13288300,0
73991225,0
92074301,0
62900717,0
66414740,0
33098359,0
51152741,0
67186836,0
25834806,0
86779731,0
47969515,0
31114137,0
86505253,0
58722507,0
15593717,0
68438729,0
35439610,0
36000824,0
27073533,0
13144809,0
69492478,0
53548798,0
77768491,0
92268113,0
34052290,0
58006956,0
59086479,0
95630593,0
72568054,0
67978398,0
50923963,0
39750464,0
88409804,0
90780150,0
73547634,0
11823008,0
30553860,0
78810600,0
30289798,0
48522570,0
52557733,0
54465989,0
55138532,0
24902491,0
78066009,0
47939044,0
56572380,0
88684369,0
50389326,0
41053140,0
23318551,0
67513557,0
71753460,0
78023686,0
14168307,0
76735130,0
21540390,0
75059894,0
27352404,0
80957216,0
41187727,0
81223459,0
47465767,0
38606256,0
69751736,0
65122901,0
42952802,0
44435698,0
69365462,0
56045567,0
99939614,0
81529813,0
76709526,0
37365606,0
84656454,0
39707788,0
22487084,0
98054733,0
38214886,0
82341792,0
19171617,0
50449062,0
13232270,0
41539680,0
67577205,0
15134258,0
32021783,0
91829729,0
63514612,0
88278869,0
98385302,0
82541567,0
15781570,0
16749597,0
88999769,0
33728066,0
69545044,0
66967521,0
70472722,0
26691971,0
99558187,0
28469907,0
32948006,0
50817099,0
84811668,0
54206016,0
84083199,0
15272738,0
73928320,0
98657198,0
69766283,0
29993952,0
79053967,0
43492755,0
48131493,0
90646491,0
76054009,0
61860092,0
75255594,0
42032408,0
45486132,0
55611517,0
89195118,0
86173703,0
64367031,0
40946294,0
65376112,0
50592656,0
70364465,0
99137432,0
60399892,0
93300070,0
72931101,0
39433189,0
15536849,0
47750666,0
78584350,0
73690738,0
36386266,0
32464176,0
52187937,0
40623496,0
59456122,0
63628972,0
17389683,0
97033305,0
13725654,0
27808864,0
52763441,0
19526555,0
96114253,0
60547990,0
89391611,0
71282370,0
28897891,0
21048473,0
75092763,0
31694055,0
83350646,0
97310147,0
25433980,0
20646976,0
19345978,0
40079643,0
22722895,0
55679313,0
47221089,0
89131072,0
31057146,0
29418831,0
37750250,0
66495379,0
79225232,0
46645906,0
51086732,0
79195887,0
24182729,0
17129774,0
56810560,0
87605980,0
81902520,0
14958375,0
80288060,0
52913848,0
13197084,0
28777248,0
95199846,0
40559732,0
91121085,0
20261480,0
30715525,0
89887162,0
45303173,0
50327910,0
12539125,0
34083206,0
99982329,0
67818901,0
77719945,0
32844096,0
35275497,0
48839918,0
75795499,0
56330800,0
77347143,0
30351898,0
57032933,0
92204530,0
46713356,0
47417339,0
73302988,0
96018379,0
98870829,0
20244916,0
98744204,0
51864812,0
18251371,0
49442969,0
57154670,0
33902370,0
66549105,0
30133414,0
39439204,0
30001829,0
95260588,0
48453109,0
87615534,0
86764790,0
48513750,0
61302543,0
53487184,0
77922984,0
75580225,0
81112979,0
98885740,0
43230797,0
85555693,0
93122960,0
36086440,0
67676146,0
51612647,0
58194739,0
41221469,0
23254256,0
98078196,0
55990308,0
36885549,0
33582600,0
28941411,0
23944351,0
24175001,0
22783857,0
73657457,0
69317242,0
84372211,0
47180381,0
12668160,0
42716818,0
96258107,0
23076413,0
86291825,0
18464479,0
98813103,0
53435518,0
33523782,0
56332898,0
94526065,0
73056134,0
43933906,0
97327112,0
53782983,0
45222982,0
69919222,0
95336178,0
31936194,0
89036582,0
18537793,0
48781710,0
96424714,0
29805662,0
51723199,0
22699484,0
19555557,0
53561448,0
60970825,0
64192981,0
57729152,0
92728158,0
18011394,0
26359427,0
13558308,0
95982235,0
85125960,0
17274603,0
92455542,0
49531592,0
96296676,0
93727051,0
32785857,0
84482560,0
99923319,0
93908599,0
71925143,0
80913480,0
52695243,0
49348117,0
33448877,0
52428271,0
75169230,0
34120454,0
75964079,0
50219675,0
88388631,0
36247223,0
28551465,0
24682222,0
82017940,0
19276284,0
41285543,0
12391264,0
31661285,0
43169270,0
68763391,0
71621392,0
25878445,0
11515277,0
46946852,0
59055830,0
54103610,0
44974296,0
35144864,0
53743859,0
81830038,0
84728358,0
54667961,0
94829771,0
49188778,0
49004113,0
39818924,0
64183691,0
63631368,0
63633497,0
59784995,0
19500096,0
97942733,0
68114772,0
49557418,0
67892230,0
68547517,0
32576774,0
20103559,0
32988508,0
94203160,0
62437146,0
21451424,0
47571721,0
78375397,0
24993894,0
95895842,0
17644084,0
84996156,0
54379634,0
60046527,0
39126723,0
73679941,0
82406612,0
70115038,0
15177816,0
19249100,0
56683367,0
29970151,0
23680983,0
92647647,0
70158470,0
73643913,0
45415145,0
38919270,0
24937043,0
79753634,0
36679394,0
41137376,0
95369341,0
50127777,0
31616000,0
45392654,0
11475316,0
30452721,0
86071518,0
64258310,0
78348004,0
79860603,0
24954312,0
51191167,0
13256630,0
38855812,0
61631108,0
35508952,0
57207943,0
68075526,0
99949470,0
98670257,0
53625811,0
30007236,0
67037950,0
76808206,0
92532705,0
67484978,0
19864012,0
43323517,0
78727605,0
31779669,0
62270346,0
97011625,0
28774042,0
84266830,0
17825545,0
75322336,0
27696492,0
85896925,0
34265446,0
76847438,0
58126043,0
12545615,0
56578390,0
17087606,0
24883187,0
30922897,0
30523860,0
54629910,0
66601693,0
17567949,0
16829913,0
40506924,0
78663440,0
35921218,0
66765357,0
47787638,0
59087209,0
55705172,0
97373583,0
68339617,0
88359297,0
72355967,0
72091037,0
84305080,0
11349093,0
37501374,0
13343678,0
78430975,0
73700684,0
21455448,0
67717339,0
16086295,0
32960692,0
20616429,0
20668973,0
36003691,0
27962943,0
63208548,0
73141847,0
40254027,0
16623877,0
28196337,0
42839573,0
88488508,0
11013378,0
43932356,0
47133846,0
52674486,0
10492443,0
33936768,0
92794744,0
64681094,0
63253897,0
51361427,0
69529905,0
60884232,0
90424656,0
79214678,0
19128831,0
92938518,0
30949974,0
16370610,0
48979569,0
44165619,0
27948388,0
21616660,0
38741330,0
25729860,0
68897423,0
25891609,0
88218445,0
45094783,0
28011324,0
85822322,0
19686882,0
32877665,0
24550438,0
98327841,0
38859971,0
23473055,0
31816541,0
85487452,0
31573533,0
23033938,0
81289754,0
95442473,0
33504620,0
19663309,0
64380457,0
85533154,0
58675334,0
55069133,0
29530676,0
83972947,0
62957911,0
37607892,0
71916465,0
18180898,0
89100815,0
25881687,0
37919942,0
48303168,0
23949725,0
68753321,0
28012060,0
52938453,0
83319104,0
75812550,0
95987495,0
67066210,0
18579909,0
40196130,0
78036739,0
54077555,0
82844767,0
99891245,0
98157830,0
95677659,0
64676756,0
19634792,0
57249653,0
17805345,0
53896637,0
55546006,0
44472791,0
15852373,0
55625094,0
45801948,0
58461942,0
43189618,0
54086505,0
96164539,0
20183641,0
28258952,0
79389854,0
38586894,0
52942052,0
80203514,0
33798726,0
81817831,0
83069112,0
22291601,0
32236029,0
24837444,0
75621396,0
81663147,0
13978004,0
66035378,0
78759449,0
76101865,0
18720104,0
67944076,0
24002544,0
78637367,0
14925713,0
52523991,0
33862384,0
48407966,0
52941769,0
10373781,0
34873409,0
46704968,0
21812874,0
90684094,0
33825352,0
79478455,0
17268696,0
85458294,0
82117929,0
30683939,0
42450371,0
35620811,0
40827848,0
89495556,0
34411910,0
22784132,0
36936187,0
85403654,0
58898359,0
73219911,0
73434819,0
97352933,0
79952352,0
45854573,0
43008272,0
48900176,0
56843215,0
42707835,0
92106928,0
70149565,0
83823638,0
57566295,0
94327657,0
36821611,0
23614493,0
36082563,0
34716287,0
24731052,0
32923824,0
65039623,0
34851250,0
41250577,0
95501687,0
20307903,0
27479068,0
80586817,0
29176168,0
24325860,0
48215341,0
74909623,0
14202517,0
21993151,0
96862007,0
96297647,0
64163830,0
55158356,0
81284353,0
85340159,0
36138925,0
34856619,0
24790297,0
10909426,0
47828431,0
49514561,0
17458013,0
99642749,0
45670627,0
44211928,0
53450609,0
40998624,0
77594747,0
99450121,0
85899060,0
92716691,0
32832434,0
87733326,0
57490710,0
99299650,0
44961460,0
75994600,0
59488040,0
75835759,0
74988826,0
46565486,0
91316933,0
97721144,0
34526407,0
34059748,0
59627558,0
46418902,0
46087945,0
59200129,0
51241556,0
53225101,0
92840444,0
29285754,0
71326861,0
25471688,0
47349664,0
67810728,0
83676542,0
92791976,0
84089078,0
48620721,0
75367055,0
10449874,0
48874114,0
80674780,0
33171729,0
25295030,0
54157639,0
83066796,0
32259201,0
48562727,0
98108290,0
52727165,0
19247342,0
99429244,0
87622874,0
15242576,0
18126994,0
52903028,0
14177230,0
53945936,0
64815073,0
30202276,0
81858007,0
70764419,0
67244330,0
62949263,0
71222484,0
29901547,0
85488968,0
22960720,0
35625284,0
47514647,0
99994701,0
13911849,0
55342382,0
56119622,0
40886452,0
66075438,0
74771198,0
32010516,0
71415380,0
70729433,0
25544733,0
86858484,0
62984534,0
42439533,0
75725361,0
17192096,0
32062227,0
36538536,0
49101888,0
91501901,0
99164078,0
41746906,0
42511494,0
71592573,0
28873794,0
99578816,0
25217636,0
33863385,0
26447832,0
75955455,0
64767830,0
40270410,0
23785743,0
37153247,0
41966582,0
67474266,0
24494180,0
57555927,0
69252887,0
57393728,0
74195725,0
36801440,0
48459278,0
75057752,0
67426132,0
27015597,0
62352760,0
64653813,0
92708946,0
48913020,0
75129460,0
76419207,0
65675471,0
41762819,0
52976282,0
15500521,0
22853316,0
39411694,0
70252197,0
79403617,0
61783315,0
74731396,0
75779582,0
87018658,0
80086760,0
22269560,0
16415517,0
25829056,0
28538048,0
31662030,0
17114566,0
30467837,0
74128585,0
33784356,0
63848375,0
34641091,0
31897908,0
18532961,0
86081409,0
20013234,0
40893274,0
51955953,0
54277969,0
93541142,0
79878018,0
37838067,0
32289115,0
25982913,0
67555277,0
24894323,0
28981799,0
16427780,0
33346197,0
34047021,0
99628729,0
99628131,0
50595651,0
58627269,0
40318714,0
10133577,0
70876319,0
64041876,0
98071644,0
98936046,0
92297175,0
71334735,0
69633763,0
11499616,0
67673857,0
49692014,0
94527988,0
94555859,0
72919186,0
29967144,0
93350279,0
93973851,0
70810135,0
59871039,0
44320230,0
34009469,0
55512059,0
87789289,0
45337704,0
77553598,0
95032377,0
26048693,0
92020276,0
45937242,0
66577296,0
35212148,0
68129126,0
73273372,0
93582939,0
97647149,0
37252552,0
81324389,0
16389097,0
97807360,0
16110079,0
29400286,0
93791055,0
11251252,0
84011020,0
13834153,0
57430172,0
56521292,0
29189196,0
89689925,0
87546447,0
37058441,0
57039891,0
56681872,0
68990187,0
89363258,0
67764661,0
31657444,0
51759932,0
73708083,0
47501858,0
99323582,0
25451239,0
36940230,0
77839028,0
34695978,0
27100903,0
12236619,0
70694480,0
52684756,0
52855295,0
83681049,0
36361575,0
65265741,0
30383429,0
86144589,0
98592705,0
83783840,0
73637492,0
27127955,0
89363551,0
94349712,0
18026500,0
44118673,0
51316858,0
48442116,0
87869563,0
68654555,0
82025490,0
21860718,0
90138399,0
35431344,0
22284241,0
72142946,0
42832172,0
25988205,0
74097933,0
26136040,0
77676699,0
78236294,0
74337332,0
80973308,0
95930821,0
54419666,0
89045739,0
81299674,0
89710565,0
23363279,0
34847403,0
56003346,0
44874236,0
47493496,0
98776766,0
38210110,0
18747312,0
21245598,0
99941710,0
60441782,0
82083598,0
14610904,0
76110620,0
60353472,0
33888107,0
65936403,0
95367743,0
94172977,0
10400324,0
80429753,0
12793595,0
94365367,0
43950345,0
89102525,0
65481037,0
39824770,0
78639234,0
26568989,0
70810136,0
42113307,0
36990428,0
82697464,0
78670726,0
24071909,0
85039434,0
92055862,0
88839485,0
53454860,0
81599319,0
56564845,0
45510144,0
55481963,0
80317068,0
84513117,0
99029490,0
31421824,0
82964005,0
28087285,0
21978203,0
31492823,0
76787872,0
90226566,0
17149274,0
64680385,0
67132146,0
10973368,0
88511481,0
50454357,0
94119840,0
73416279,0
40256994,0
80821341,0
84382001,0
38002426,0
25093056,0
16967142,0
34407034,0
68169204,0
40567377,0
30147094,0
67861124,0
39796632,0
43444938,0
76726111,0
90858542,0
22828025,0
76013215,0
18000083,0
92418237,0
98364304,0
19483663,0
87877039,0
85582454,0
79926868,0
37504185,0
74292387,0
56174437,0
40068550,0
40418487,0
32435646,0
93967047,0
18450294,0
63632728,0
51314847,0
59620293,0
76174966,0
89011092,0
81218842,0
61499393,0
71188227,0
73450651,0
41499035,0
30152022,0
89696156,0
39955562,0
59989479,0
48226921,0
65810120,0
32566544,0
56811302,0
88504814,0
32952504,0
96049763,0
40980559,0
93698168,0
22072766,0
88714968,0
44834227,0
30778146,0
58724783,0
25651057,0
16833588,0
80722014,0
40329384,0
79447718,0
21340989,0
43079428,0
62265485,0
17494528,0
69309191,0
73511822,0
97460391,0
47546753,0
20139211,0
22172390,0
21550477,0
69827693,0
69340568,0
53091566,0
36962255,0
47503951,0
93051986,0
78113246,0
32523940,0
61764265,0
64894555,0
15717166,0
41995167,0
87265664,0
14899527,0
90238128,0
96777441,0
55186363,0
47515659,0
66016757,0
55161686,0
30299298,0
75034073,0
80860566,0
50928590,0
51840109,0
33751638,0
10334733,0
16716421,0
99327056,0
56979631,0
41136575,0
85712784,0
28609789,0
33691883,0
24610304,0
54980603,0
86834783,0
63552089,0
43856555,0
33507848,0
72183780,0
94600882,0
62539722,0
26420119,0
91366165,0
95827327,0
98688119,0
72876465,0
27283050,0
92892765,0
95825323,0
59732003,0
57002400,0
83668006,0
77476929,0
19580429,0
10799513,0
29531274,0
27590056,0
45123612,0
97872652,0
72554039,0
11917050,0
62604086,0
47118647,0
17345330,0
19415689,0
29874596,0
45442278,0
64351311,0
17670850,0
55131039,0
24684514,0
48815116,0
81786782,0
52844105,0
70100841,0
94423098,0
60856805,0
23191106,0
88546888,0
29634089,0
91688114,0
83945938,0
89487986,0
81515361,0
13621709,0
37375345,0
49014781,0
89113963,0
11513988,0
87473007,0
48280713,0
48185215,0
97209209,0
40308122,0
10821245,0
38783724,0
72271994,0
91490385,0
73116359,0
85371620,0
82328205,0
29243845,0
74144155,0
32340023,0
20193733,0
56123955,0
43986534,0
94245741,0
62410923,0
42568551,0
41698379,0
21925273,0
82722020,0
28928827,0
14647851,0
96819621,0
23657532,0
80885905,0
65310240,0
20574379,0
33793569,0
16952439,0
72920852,0
22711160,0
94144017,0
41676860,0
95977800,0
65492613,0
56820272,0
76245920,0
80623172,0
17933833,0
50822487,0
80805492,0
67104025,0
20534910,0
13100879,0
20281257,0
57465469,0
97731797,0
59835978,0
30294588,0
75607560,0
35254415,0
30304713,0
31632832,0
38930971,0
17353046,0
60670081,0
23853831,0
67905520,0
70898888,0
73026080,0
93315787,0
68557383,0
35650334,0
61355966,0
25601815,0
63922815,0
72345928,0
79632826,0
71516621,0
85249466,0
28403272,0
90720488,0
36769404,0
12021410,0
99438160,0
49537782,0
81360014,0
57602285,0
15983276,0
87090084,0
84991178,0
78070277,0
91840639,0
72462376,0
33411926,0
44275846,0
64774553,0
51522202,0
19375081,0
36187315,0
18102417,0
92296633,0
29938534,0
27573097,0
50184363,0
48571187,0
49036268,0
43339472,0
56332336,0
19179685,0
15064565,0
20074756,0
65305791,0
17994865,0
47698602,0
79001331,0
38316505,0
95520831,0
65864040,0
91224716,0
67464238,0
73225861,0
65089998,0
61230694,0
63818055,0
55871417,0
10288628,0
13974100,0
24678864,0
99753596,0
78098846,0
74948936,0
12243244,0
16575373,0
84986741,0
68363929,0
48083799,0
36673463,0
57831045,0
68414541,0
29580244,0
11816379,0
14629211,0
79089874,0
58335117,0
97823563,0
64728635,0
80349589,0
32374751,0
28688718,0
88728479,0
37258969,0
87527379,0
72970872,0
54833268,0
26781337,0
42602413,0
22775324,0
19994615,0
89481008,0
12164176,0
81641148,0
40260069,0
51113071,0
77371792,0
34756043,0
73323333,0
10096042,0
93821484,0
58796516,0
60376569,0
77241210,0
85461909,0
97391099,0
56721182,0
17842812,0
77886746,0
80705059,0
78098184,0
52670297,0
93870975,0
77173626,0
32665287,0
47402009,0
94391004,0
42942316,0
39380092,0
91486391,0
12418042,0
91806343,0
40939331,0
24367907,0
11022741,0
88044948,0
49743735,0
92026679,0
73846423,0
41008418,0
42993876,0
68781362,0
18193276,0
38867497,0
14029309,0
57904302,0
86855236,0
92643337,0
87990349,0
89392687,0
57048365,0
31171080,0
70680989,0
34623245,0
56935797,0
36388840,0
77026312,0
91956539,0
27123947,0
14102620,0
71584386,0
75080650,0
26275730,0
93668213,0
31163270,0
68810587,0
50903519,0
34128785,0
97917021,0
43330927,0
77335010,0
69462026,0
23782655,0
34533894,0
96786452,0
16300886,0
13565944,0
48129940,0
71333089,0
14000409,0
19973293,0
36059255,0
91008064,0
81806381,0
10051116,0
72731310,0
30339391,0
83159013,0
41876881,0
71501286,0
84055634,0
12892651,0
45318449,0
35993327,0
87924747,0
80098456,0
19403177,0
86885579,0
94548516,0
53823596,0
83712977,0
22608383,0
12793534,0
60482627,0
23452226,0
63472095,0
68700033,0
68116768,0
64141745,0
67241056,0
79808345,0
68942385,0
18127480,0
68002174,0
93455321,0
36435816,0
15001429,0
63415321,0
41933176,0
60099198,0
84819562,0
87407614,0
71708464,0
42031632,0
36077402,0
96829672,0
37430269,0
58611429,0
30823512,0
23726990,0
11898867,0
27456191,0
42720239,0
10201120,0
38715144,0
95489008,0
79266496,0
81180629,0
67101536,0
96244207,0
78390660,0
75407561,0
13452996,0
79694682,0
72372251,0
50032676,0
72648068,0
80030620,0
67759145,0
76511968,0
23760141,0
33166848,0
37009708,0
47872060,0
38524471,0
38620947,0
99678950,0
13994738,0
67811793,0
45874494,0
90826690,0
32035495,0
40729616,0
25022580,0
24953559,0
53092526,0
83313040,0
57533815,0
38928810,0
14568361,0
70463761,0
26889769,0
53417591,0
26294558,0
91058374,0
57552763,0
86476793,0
28902777,0
54901450,0
10772112,0
90674489,0
38857374,0
55948096,0
94211482,0
68294484,0
74599588,0
11185898,0
98518486,0
10118565,0
95464823,0
67304108,0
23757737,0
14457486,0
56610388,0
51937793,0
43428585,0
91382243,0
19445145,0
43616551,0
71245659,0
57102020,0
86450435,0
53993817,0
55562252,0
52520461,0
39412571,0
35613612,0
25226478,0
95279054,0
13946361,0
94282432,0
23182783,0
66912931,0
57204852,0
30939584,0
57245489,0
64090217,0
45505139,0
19304043,0
48658890,0
46843037,0
69869197,0
58285023,0
74846873,0
92695830,0
90029682,0
20082097,0
55759204,0
37124391,0
98162028,0
66503077,0
57478503,0
79908480,0
55559887,0
29003492,0
49738389,0
58344176,0
60813024,0
24536009,0
30604174,0
74682946,0
39924674,0
38786772,0
92448316,0
18274068,0
66060026,0
44675621,0
73193745,0
46843293,0
87376969,0
39853540,0
72317759,0
79300364,0
26794998,0
48742561,0
75767959,0
14501456,0
64433378,0
66343042,0
35769056,0
81537021,0
45677342,0
14101729,0
74797253,0
29039662,0
38315635,0
21326380,0
87456071,0
29321887,0
52896094,0
78399156,0
89132524,0
18491170,0
48854515,0
92845239,0
70114436,0
28691771,0
92862457,0
92044742,0
42444220,0
10276920,0
51613403,0
59822708,0
21239023,0
92839623,0
91169392,0
63053219,0
21357668,0
65155362,0
94467186,0
73041463,0
40825923,0
45131229,0
38396901,0
29074096,0
48535245,0
80044013,0
22165477,0
63760855,0
97384123,0
70636859,0
60587818,0
42389121,0
98587809,0
28234903,0
79082983,0
49432706,0
65585891,0
57578621,0
22580425,0
68432927,0
47885034,0
92973760,0
56951781,0
25755381,0
56073116,0
45572252,0
97661648,0
86022034,0
57333931,0
59569549,0
47875979,0
19038955,0
10500312,0
41433225,0
80786818,0
93948864,0
68617898,0
46684415,0
79065700,0
78925658,0
93760538,0
38530807,0
67470750,0
76472180,0
50343415,0
62235892,0
87131671,0
30928248,0
91423181,0
46394211,0
78428254,0
14735578,0
45871747,0
56634961,0
19781770,0
75272226,0
44199611,0
36913161,0
60500443,0
65666687,0
23576946,0
65255112,0
67852544,0
26352206,0
68637756,0
55604433,0
31114857,0
42439391,0
84274987,0
29499016,0
43402281,0
96922487,0
60964157,0
60138397,0
86448916,0
84828004,0
73456453,0
44173098,0
54233340,0
60950607,0
84680462,0
49253227,0
18913102,0
73455281,0
73787944,0
33325296,0
36871742,0
14098127,0
90516864,0
84691687,0
36155303,0
18908365,0
69683124,0
92677641,0
16737429,0
78601235,0
12745086,0
17263972,0
71554583,0
33437514,0
44103239,0
85211835,0
40609273,0
37096545,0
74620558,0
68596313,0
80890450,0
77604000,0
64938786,0
94549622,0
93933689,0
80928186,0
19070676,0
67936790,0
72916537,0
44796535,0
35285387,0
80314713,0
58521976,0
50631119,0
25918210,0
43943802,0
51537986,0
15055053,0
93272540,0
15778684,0
86420254,0
70709690,0
65550073,0
55069052,0
58522994,0
23179760,0
22956293,0
50153300,0
35453812,0
22818042,0
99031625,0
57554846,0
57374219,0
88010361,0
25592241,0
83019586,0
42331941,0
32171063,0
85237139,0
65754041,0
80751375,0
18418698,0
53091718,0
30254845,0
81263915,0
34436523,0
39081563,0
68927745,0
28240433,0
78673349,0
10448527,0
96763381,0
72860727,0
54058888,0
17992186,0
69461982,0
14661277,0
19693486,0
13500682,0
26479198,0
28419571,0
65486096,0
92988542,0
20063592,0
56006732,0
79198534,0
38132962,0
94608056,0
10610515,0
60457124,0
42986862,0
39279295,0
17762374,0
89924661,0
55898679,0
86317481,0
12138424,0
16481449,0
73491483,0
30898842,0
10588325,0
27530784,0
22325356,0
65854331,0
85364550,0
94364006,0
79978217,0
98774621,0
54004694,0
19534438,0
50178266,0
83324637,0
66727363,0
57631683,0
91517561,0
23616742,0
82535014,0
40491547,0
89695954,0
41439533,0
51990912,0
20020531,0
75166692,0
48792611,0
90830771,0
23125117,0
16319332,0
10526389,0
10302583,0
25058683,0
47158389,0
70964927,0
62493473,0
30751827,0
71737957,0
89656131,0
59101957,0
46166762,0
44209451,0
31371718,0
86330299,0
73118379,0
54085513,0
83138090,0
15662490,0
67602099,0
75294782,0
92806293,0
41432641,0
50763132,0
85552163,0
49320906,0
74816410,0
65744520,0
81518864,0
14770789,0
50289689,0
33104519,0
52629212,0
86521769,0
38565822,0
45397986,0
76111613,0
74265899,0
23536573,0
66921910,0
16047967,0
98110297,0
79541345,0
48863715,0
94398928,0
41960409,0
36311528,0
66409679,0
83696746,0
60452162,0
83052931,0
89181979,0
79966545,0
67370537,0
75211788,0
71986953,0
70538565,0
25470980,0
89812634,0
88142189,0
59880693,0
10515690,0
57034286,0
84576622,0
65654986,0
50404354,0
21036562,0
23079359,0
94010571,0
23934754,0
15544821,0
76053612,0
41681208,0
93797893,0
68412102,0
64982717,0
14990543,0
26666510,0
56142795,0
39211618,0
38595917,0
48332015,0
58417778,0
21306304,0
12412420,0
79053739,0
44398312,0
42709392,0
10531663,0
35624600,0
20093345,0
88096614,0
41543255,0
37238782,0
49524238,0
96623438,0
12145512,0
83975481,0
65456146,0
62554592,0
36420155,0
58842592,0
88040952,0
22969397,0
35736468,0
61676652,0
57148295,0
50573486,0
59143593,0
20169434,0
72481787,0
16663227,0
45697423,0
52286355,0
25706351,0
54591548,0
50704750,0
90011343,0
25738157,0
21561186,0
45312866,0
72452602,0
13877085,0
23627888,0
80925962,0
23349300,0
67916793,0
69405262,0
42320191,0
29073215,0
28191455,0
74478273,0
28592031,0
83499753,0
48046112,0
83789161,0
61763984,0
99558947,0
16042151,0
86029231,0
71137026,0
98550448,0
37678430,0
86345768,0
12589989,0
38646862,0
69338524,0
52197480,0
85962537,0
12796877,0
13184434,0
33920373,0
12282844,0
48963028,0
76169089,0
43194578,0
90341544,0
17652454,0
90664269,0
38812109,0
24107991,0
64369224,0
21352114,0
34335703,0
83662156,0
13482209,0
99703999,0
87359822,0
15776423,0
57441012,0
61487362,0
36677306,0
86322603,0
47722629,0
55287093,0
93119003,0
85672923,0
98353194,0
25442224,0
41031926,0
33849982,0
61959884,0
52476814,0
44942965,0
15660659,0
64969862,0
14988038,0
10572502,0
67080967,0
83716435,0
29330771,0
55892852,0
13259378,0
53856250,0
49998178,0
86197740,0
51036132,0
68645820,0
23296178,0
27047502,0
88120532,0
87809618,0
55892725,0
33486052,0
54682546,0
77427104,0
66380359,0
67502822,0
74889382,0
39072994,0
61256312,0
73839332,0
74620364,0
35932243,0
98351042,0
25259012,0
73378619,0
28740990,0
84312053,0
67301992,0
79303493,0
25876624,0
48146077,0
36076582,0
17921844,0
81777220,0
94603934,0
18521301,0
25651490,0
83403731,0
95323593,0
23602034,0
10774328,0
68782890,0
94798525,0
51760415,0
52404534,0
58514403,0
99310265,0
27534149,0
51924065,0
95874184,0
20306509,0
69206964,0
32490745,0
91090094,0
47140815,0
10052365,0
59911279,0
57465087,0
81831187,0
97200480,0
88868661,0
36510301,0
78810475,0
51290351,0
61271614,0
90708084,0
81246426,0
57370357,0
38928063,0
78179105,0
45700076,0
24313238,0
18499200,0
59390008,0
10507464,0
86268525,0
14925146,0
52562181,0
33993122,0
87762727,0
17724836,0
58956299,0
43614274,0
78559242,0
76220743,0
44968792,0
11697478,0
65264486,0
98616297,0
78526752,0
77591170,0
12412527,0
67803955,0
33713603,0
78459933,0
85598792,0
30761036,0
29167829,0
28418753,0
44548091,0
24457126,0
26802458,0
54514897,0
80012290,0
33526952,0
96360888,0
22636598,0
41475524,0
44580420,0
80407590,0
79416701,0
60455703,0
99821472,0
80114026,0
87678599,0
91241914,0
59057781,0
79529525,0
59412311,0
18020287,0
11048240,0
56660888,0
14407902,0
11383775,0
51961128,0
54482264,0
18621691,0
21672648,0
85145046,0
26831279,0
26286905,0
40149568,0
89291324,0
47650879,0
38540065,0
18729547,0
72346793,0
11675430,0
51265391,0
78831946,0
75744048,0
34704638,0
63754717,0
64538578,0
75463071,0
50961694,0
68501936,0
22730670,0
69664555,0
24193653,0
74677994,0
42150907,0
69795700,0
52562607,0
71486653,0
67357156,0
27270845,0
96300629,0
78719802,0
63071580,0
45308691,0
10017801,0
97836918,0
48535308,0
58098328,0
17631294,0
76120847,0
69471970,0
15270321,0
47668617,0
84496639,0
15246636,0
70162256,0
43393106,0
74397644,0
39418310,0
77096553,0
28167378,0
29034563,0
93381067,0
89312834,0
62110667,0
33897403,0
78816376,0
29114919,0
74801311,0
66092236,0
86523706,0
82532055,0
66916333,0
52687732,0
22098728,0
13637934,0
89381662,0
28474585,0
70099573,0
38017246,0
51041730,0
27469482,0
97338534,0
84195461,0
34614704,0
37104707,0
88664194,0
80794362,0
46776366,0
94285198,0
82225502,0
24802343,0
32766339,0
26906230,0
47443889,0
37748028,0
81300322,0
88066562,0
35711855,0
29809761,0
26445773,0
56795523,0
74939611,0
53139352,0
10965177,0
76697909,0
10286758,0
59896011,0
97045423,0
35532256,0
71104067,0
72738249,0
96425388,0
17641471,0
10529101,0
97570791,0
20649654,0
59066950,0
37195862,0
56421358,0
69280812,0
31400144,0
81949891,0
72342505,0
53418407,0
28190666,0
59441921,0
28667650,0
70875191,0
41507049,0
77788150,0
93355160,0
15811298,0
46487152,0
33840123,0
32498793,0
13996088,0
15283054,0
70356988,0
97370568,0
15988334,0
72518714,0
18356867,0
32570407,0
23251893,0
82098848,0
65791093,0
46661538,0
89971126,0
46055442,0
15361053,0
87835116,0
30535596,0
13762445,0
71668093,0
10569080,0
39380075,0
99868263,0
37780080,0
30069822,0
47520883,0
91930871,0
66047633,0
19796742,0
75335871,0
57517444,0
38769909,0
17067494,0
44941977,0
81700540,0
67401963,0
67039025,0
46297143,0
37057156,0
71150094,0
72181023,0
27223780,0
29051388,0
14383895,0
86086839,0
67400127,0
28555618,0
28273961,0
95806274,0
41021627,0
74369198,0
42812386,0
80864647,0
46307413,0
98785627,0
39659009,0
50538543,0
36867077,0
30909433,0
73133070,0
64365975,0
90225889,0
88794830,0
17084892,0
93768278,0
70144638,0
81399316,0
20823301,0
54181822,0
37717667,0
27525250,0
35227177,0
80177584,0
33509272,0
29859412,0
24413087,0
74237073,0
39249787,0
72870031,0
94790522,0
20644974,0
88989450,0
86495676,0
39212302,0
16312956,0
24749705,0
50026500,0
45546092,0
40331223,0
25267450,0
71069984,0
29857481,0
29916426,0
15321814,0
47115341,0
58640375,0
28980900,0
74777340,0
58612942,0
27048846,0
12267794,0
75711385,0
55615582,0
44824831,0
22577551,0
14530217,0
29239376,0
11962392,0
15970677,0
94449331,0
22961047,0
16410145,0
10784882,0
55612922,0
45408123,0
21239490,0
77818719,0
90461416,0
72802308,0
33564273,0
61807172,0
80984755,0
37326738,0
64648045,0
15555247,0
55203993,0
52959300,0
40923191,0
47464900,0
80849026,0
73970476,0
99052217,0
47006833,0
36842337,0
31152552,0
92271855,0
14049956,0
61986153,0
38691546,0
67453195,0
98400959,0
32472698,0
68404660,0
93438910,0
97162902,0
11657261,0
31728900,0
63724297,0
51942046,0
30703754,0
18290504,0
32429602,0
59556685,0
85516801,0
95765559,0
78142351,0
39346789,0
39838929,0
97108318,0
43785037,0
47765561,0
85842164,0
70910464,0
24432293,0
92207865,0
78908474,0
43959571,0
44723045,0
51030368,0
58793243,0
78740243,0
39368875,0
38039873,0
52023355,0
36562590,0
18785981,0
45694793,0
72251168,0
23291194,0
77990427,0
27574656,0
40879164,0
48017672,0
13497407,0
45171964,0
37769678,0
40608047,0
97333833,0
63105220,0
26464364,0
10037348,0
65031790,0
32739821,0
61650362,0
73858437,0
26665656,0
53398527,0
88359067,0
16892726,0
14891472,0
11321030,0
94358169,0
32115877,0
10763192,0
30454954,0
12202994,0
98047139,0
50173988,0
84916125,0
39779336,0
80449422,0
44861465,0
30122591,0
44141083,0
32234521,0
43101710,0
82605640,0
19679148,0
41281224,0
32583724,0
11203335,0
86577002,0
41412354,0
52302347,0
72938860,0
90872348,0
52641963,0
71267292,0
22893495,0
85264776,0
26000140,0
86644239,0
12344291,0
75913334,0
16028081,0
34083088,0
12250224,0
72634057,0
89565735,0
26434650,0
29347930,0
34402640,0
68960410,0
44513856,0
89814919,0
49193249,0
14513727,0
84769448,0
46763767,0
23306119,0
49699406,0
93609437,0
66659946,0
70121896,0
12814347,0
81737448,0
25766438,0
99181166,0
24350201,0
40191259,0
94829212,0
67209485,0
68131607,0
97893956,0
39873525,0
68055724,0
28882132,0
61212873,0
33909147,0
78450568,0
53320633,0
72088533,0
18475577,0
67759969,0
26667013,0
53955614,0
88064116,0
71709318,0
63740670,0
94052780,0
42539081,0
61533045,0
49881873,0
34335706,0
10155199,0
18044839,0
20545243,0
21551796,0
33626557,0
58205334,0
97566891,0
87494347,0
85138064,0
26105948,0
33878702,0
11538682,0
62502994,0
29708162,0
42999088,0
16755603,0
70605770,0
18036972,0
56538257,0
58589742,0
10794028,0
40515550,0
86585464,0
78580712,0
89902727,0
39804516,0
32936193,0
90741246,0
49509672,0
22571120,0
43877155,0
92390408,0
73805288,0
29945564,0
41302889,0
35261800,0
25277435,0
69021014,0
44444951,0
43157372,0
28411916,0
80006067,0
45224971,0
45548627,0
38860185,0
33456435,0
13657462,0
32864421,0
87604427,0
44106321,0
70103060,0
80469456,0
45300300,0
68790824,0
96371512,0
72379875,0
76238263,0
60285503,0
99904026,0
31927776,0
15843504,0
93036026,0
28506441,0
72409942,0
29604575,0
71835688,0
62092107,0
96390267,0
53277707,0
36807702,0
60561626,0
87495687,0
35920034,0
25925478,0
20095409,0
12440486,0
27400410,0
48626084,0
27144087,0
55531382,0
16000414,0
19717028,0
49819250,0
49898686,0
54000763,0
18868368,0
87929215,0
62532572,0
45437100,0
96244378,0
72117686,0
25743700,0
15510435,0
37605131,0
92710128,0
64339809,0
59758182,0
32678257,0
84333879,0
90243497,0
33297342,0
51791314,0
54639867,0
11903895,0
39358214,0
85005969,0
33901412,0
20469032,0
68791837,0
81099650,0
22623179,0
64119706,0
71519903,0
16075724,0
31689441,0
71735603,0
72075428,0
76141077,0
31187771,0
61082686,0
60281478,0
41914972,0
92528906,0
70853887,0
24653834,0
70193310,0
52520753,0
17551641,0
84430845,0
39001373,0
74757442,0
21462043,0
76395993,0
28518189,0
62206237,0
49050967,0
37134833,0
77968484,0
43229935,0
42527960,0
40010726,0
75582901,0
60347067,0
15033636,0
73097766,0
95918003,0
87648046,0
63557343,0
87808020,0
64518387,0
56194257,0
38692127,0
31230917,0
54624176,0
54187260,0
13507135,0
95229207,0
81799420,0
85830088,0
21278822,0
54609451,0
57149185,0
86450707,0
10479011,0
48051557,0
22377971,0
84560556,0
42698702,0
73842745,0
38495785,0
90740238,0
71042996,0
70936412,0
68251844,0
70088133,0
60157872,0
48780021,0
22071269,0
59692124,0
86874621,0
59786536,0
65040289,0
77453530,0
11264723,0
57423404,0
32076075,0
49339492,0
19729885,0
43216889,0
49731033,0
99713000,0
32095036,0
28775148,0
61725041,0
46805558,0
45681568,0
42960241,0
35813312,0
21137914,0
94482499,0
60702099,0
65502588,0
48483878,0
47281054,0
47154137,0
46018732,0
83220419,0
88458190,0
31389030,0
57838989,0
80254372,0
84901391,0
89095978,0
46891595,0
50885023,0
59360715,0
14363551,0
60038742,0
14219574,0
79242148,0
86649256,0
75503656,0
75761747,0
25691287,0
94229019,0
62882081,0
49484652,0
63736026,0
28837343,0
90320155,0
20647598,0
52287796,0
82994508,0
37741669,0
33071130,0
41485300,0
70110658,0
26346804,0
62098776,0
41512108,0
91171238,0
79671944,0
38130652,0
86338259,0
81166892,0
66034172,0
35228943,0
75533852,0
73831373,0
25411196,0
28037448,0
57739703,0
58008600,0
86833710,0
89237290,0
49393864,0
83730927,0
60851594,0
25033221,0
88053581,0
56876645,0
28010254,0
85171878,0
31497201,0
50383654,0
36588631,0
35607126,0
22389536,0
52599975,0
46167583,0
79100156,0
73171444,0
83988807,0
91251282,0
87946811,0
79919517,0
16608397,0
66838567,0
24264087,0
59438359,0
15577802,0
38128995,0
55071854,0
35840102,0
57457763,0
79237239,0
60164101,0
59319963,0
55782205,0
13165618,0
45316346,0
29239241,0
39073186,0
52977236,0
22874816,0
92537923,0
95455654,0
68027254,0
89619565,0
50552505,0
43730329,0
17457582,0
40439002,0
75385766,0
41559550,0
35002118,0
66464750,0
55058657,0
90555680,0
18351912,0
81624598,0
34319677,0
47164437,0
75668403,0
96899906,0
86612517,0
19481646,0
25822806,0
21879440,0
84254567,0
91078577,0
72345251,0
75442267,0
50325735,0
82885894,0
34071688,0
26297837,0
77340726,0
87374712,0
83405377,0
53909283,0
53234292,0
36664149,0
50011735,0
10214778,0
55489450,0
89046159,0
28545271,0
46248344,0
90102589,0
58396335,0
17592433,0
43878794,0
87711511,0
24733284,0
75663835,0
67108453,0
52379731,0
15203205,0
76543655,0
79789180,0
16342635,0
92677238,0
54352796,0
70514113,0
65232151,0
27967065,0
75408315,0
13183501,0
82494079,0
14800506,0
43251971,0
87419366,0
21294646,0
61986433,0
65927196,0
68950570,0
32448637,0
81475914,0
93411247,0
99630374,0
23459396,0
84499352,0
51645137,0
39852080,0
31822517,0
64274330,0
73385348,0
74102509,0
71696755,0
40549881,0
66026322,0
49378307,0
60821876,0
72168897,0
39387337,0
47777093,0
64887615,0
62367451,0
39169165,0
21771081,0
47401044,0
99397788,0
13220041,0
99619894,0
43009002,0
46120396,0
87125722,0
65584236,0
43895771,0
24235356,0
15326940,0
59194903,0
99027272,0
28264627,0
48699715,0
14415428,0
86424991,0
68963422,0
44039210,0
27705024,0
33376115,0
88417045,0
29331398,0
57494662,0
66322068,0
59721067,0
97538509,0
46233444,0
78258096,0
74448248,0
32047493,0
75799077,0
85054734,0
20114245,0
40242343,0
15993784,0
28925151,0
22217607,0
43272940,0
50329786,0
15132562,0
78457316,0
13342111,0
99876314,0
74515527,0
24932430,0
72062718,0
35020242,0
91212226,0
90813764,0
17589221,0
20304283,0
23580132,0
70064407,0
91847473,0
51205608,0
17583532,0
72779356,0
99879243,0
72691786,0
83181862,0
42181783,0
54304675,0
59988157,0
29771371,0
10545105,0
35393544,0
75680607,0
27247999,0
39321378,0
79056353,0
87263194,0
93377931,0
44268354,0
16396314,0
39893345,0
38000447,0
97920805,0
80239090,0
56869902,0
86938119,0
95743053,0
27567570,0
17551860,0
54626939,0
37454753,0
98763909,0
86360467,0
98244287,0
62951383,0
64974526,0
27832323,0
83469483,0
10631270,0
58592769,0
74257959,0
19572031,0
24903433,0
54475008,0
12500264,0
18326095,0
22692873,0
44629917,0
14921006,0
95915809,0
71415581,0
39345361,0
88098996,0
52789141,0
18110288,0
90585999,0
23014737,0
80723647,0
81010602,0
70958222,0
99390867,0
59890247,0
61878271,0
99186954,0
68800511,0
99341826,0
65209678,0
77623112,0
66865979,0
58626317,0
71551727,0
68613055,0
66254485,0
48508725,0
37709658,0
82123555,0
68268620,0
13062534,0
78539202,0
64179265,0
59230273,0
22935157,0
59329967,0
74621833,0
92956484,0
77701757,0
89747669,0
31372198,0
13333778,0
46219358,0
67792470,0
14668162,0
98296085,0
39526506,0
47992434,0
23797393,0
70810907,0
22433819,0
38868068,0
34407289,0
28171198,0
29535456,0
99630679,0
69941922,0
96748542,0
89855885,0
24195298,0
52141002,0
58045012,0
12583236,0
25682763,0
14203256,0
68281766,0
29063626,0
17164324,0
69027267,0
25946233,0
26943612,0
55811427,0
49294616,0
45527599,0
21450406,0
90056200,0
40981243,0
68492272,0
83748182,0
78376724,0
46411106,0
39758768,0
62824529,0
93296314,0
11610526,0
68714805,0
26026524,0
99167169,0
20352352,0
82803294,0
35941831,0
72058215,0
58544743,0
88290451,0
80454196,0
74971836,0
37701182,0
77557190,0
27234268,0
41778735,0
45044694,0
27976264,0
70731644,0
54070528,0
83949445,0
24430998,0
14014813,0
52915527,0
84568379,0
50332272,0
71682149,0
43252058,0
24728403,0
72901712,0
32226066,0
56398255,0
86227564,0
96095329,0
77014901,0
87782227,0
82364322,0
92269153,0
62564050,0
14966794,0
52144277,0
48892370,0
87388644,0
86414115,0
71892007,0
56070701,0
97552073,0
40865072,0
23206278,0
96602748,0
50382375,0
16326492,0
32058385,0
59978614,0
70169886,0
23639291,0
